"","BCA","KC","KG","sig_0","sig_1"
"BCA",1,0.92880922000386,0.8315218406203,0.961085180470318,0.964620242627131
"KC",0.92880922000386,1,0.970569041538171,0.992781537462946,0.993629077577062
"KG",0.8315218406203,0.970569041538171,1,0.952319924704969,0.943802456066579
"sig_0",0.961085180470318,0.992781537462946,0.952319924704969,1,0.998562342576144
"sig_1",0.964620242627131,0.993629077577062,0.943802456066579,0.998562342576144,1
